{"cameraMode":{"drawMode":0,"name":"Shaded","section":"Shading Mode"},"sceneLighting":true,"audioPlay":false,"sceneViewState":{"m_AlwaysRefresh":false,"showFog":true,"showSkybox":true,"showFlares":true,"showImageEffects":true,"showParticleSystems":true,"showVisualEffectGraphs":true,"m_FxEnabled":true},"in2DMode":false,"pivot":{"x":0.16057397425174714,"y":-0.11362623423337937,"z":0.6646260023117065},"rotation":{"x":0.3896197974681854,"y":-0.3227715790271759,"z":0.14799275994300843,"w":0.8497763276100159},"size":13.374313354492188,"orthographic":true}