{"cameraMode":{"drawMode":0,"name":"Shaded","section":"Shading Mode"},"sceneLighting":false,"audioPlay":false,"sceneViewState":{"showFog":true,"showMaterialUpdate":false,"showSkybox":true,"showFlares":true,"showImageEffects":true,"showParticleSystems":true},"in2DMode":false,"pivot":{"x":-0.09560754895210266,"y":0.15575405955314637,"z":-20.86124610900879},"rotation":{"x":-0.008525385521352291,"y":-0.7038705348968506,"z":-0.008445367217063904,"w":0.710233747959137},"size":2.1754417419433595,"orthographic":true}